timestamp,ticker,side,entry_price,current_price,unrealized_pnl,pnl_pct,status
2025-12-22T20:46:00.820659,KXGDP-26JAN30-T2.5,yes,0.29,,,,open
2025-12-22T20:46:00.820659,_PORTFOLIO_TOTAL,,196.91,,,,summary
2025-12-22T21:09:32.298282,KXGDP-26JAN30-T2.5,yes,0.29,0.29,0.0,0.0,open
2025-12-22T21:09:32.298282,_PORTFOLIO_TOTAL,,196.91,196.91,0.0,0.0,summary
2025-12-22T21:17:54.952421,KXGDP-26JAN30-T2.5,yes,0.29,0.28,0.0,0.0,open
2025-12-22T21:17:54.952421,KXCPICOMBO-25DEC-027,yes,0.35,,,,open
2025-12-22T21:17:54.952421,KXGDP-26JAN30-T1.75,yes,0.62,,,,open
2025-12-22T21:17:54.952421,_PORTFOLIO_TOTAL,,711.16,,,,summary
2025-12-22T21:46:12.456316,KXGDP-26JAN30-T2.5,yes,0.29,0.29,0.0,0.0,open
2025-12-22T21:46:12.456316,_PORTFOLIO_TOTAL,,196.91,196.91,0.0,0.0,summary
2025-12-22T22:00:32.523961,KXGDP-26JAN30-T2.5,yes,0.29,0.28,0.0,0.0,open
2025-12-22T22:00:32.523961,KXCPICOMBO-25DEC-027,yes,0.34,,,,open
2025-12-22T22:00:32.523961,_PORTFOLIO_TOTAL,,390.03,,,,summary
2025-12-22T22:17:59.371607,KXGDP-26JAN30-T2.5,yes,0.29,0.29,0.0,0.0,open
2025-12-22T22:17:59.371607,KXCPICOMBO-25DEC-027,yes,0.35,0.34,-6.81,-2.86,open
2025-12-22T22:17:59.371607,KXGDP-26JAN30-T1.75,yes,0.62,0.62,0.0,0.0,open
2025-12-22T22:17:59.371607,_PORTFOLIO_TOTAL,,711.16,704.35,-6.81,-0.96,summary
2025-12-22T22:31:58.872836,KXGDP-26JAN30-T2.5,yes,0.29,0.28,0.0,0.0,open
2025-12-22T22:31:58.872836,KXCPICOMBO-25DEC-027,yes,0.35,0.34,-6.81,-2.86,open
2025-12-22T22:31:58.872836,KXGDP-26JAN30-T1.75,yes,0.62,0.62,0.0,0.0,open
2025-12-22T22:31:58.872836,_PORTFOLIO_TOTAL,,711.16,704.35,-6.81,-0.96,summary
2025-12-22T23:00:36.383341,KXGDP-26JAN30-T2.5,yes,0.29,0.29,0.0,0.0,open
2025-12-22T23:00:36.383341,KXCPICOMBO-25DEC-027,yes,0.34,0.34,0.0,0.0,open
2025-12-22T23:00:36.383341,_PORTFOLIO_TOTAL,,390.03,390.03,0.0,0.0,summary
2025-12-22T23:32:03.103377,KXGDP-26JAN30-T2.5,yes,0.29,0.29,0.0,0.0,open
2025-12-22T23:32:03.103377,KXCPICOMBO-25DEC-027,yes,0.35,0.34,-6.81,-2.86,open
2025-12-22T23:32:03.103377,KXGDP-26JAN30-T1.75,yes,0.62,0.62,0.0,0.0,open
2025-12-22T23:32:03.103377,_PORTFOLIO_TOTAL,,711.16,704.35,-6.81,-0.96,summary
2025-12-23T06:15:44.778144,KXGDP-26JAN30-T2.5,yes,0.29,0.33,27.16,13.79,open
2025-12-23T06:15:44.778144,KXCPICOMBO-25DEC-027,yes,0.35,0.35,0.0,0.0,open
2025-12-23T06:15:44.778144,KXGDP-26JAN30-T1.75,yes,0.62,0.62,0.0,0.0,open
2025-12-23T06:15:44.778144,_PORTFOLIO_TOTAL,,711.16,738.3199999999999,27.16,3.82,summary
2025-12-23T06:24:38.343676,KXGDP-26JAN30-T2.5,yes,0.29,0.33,27.16,13.79,open
2025-12-23T06:24:38.343676,KXCPICOMBO-25DEC-027,yes,0.35,0.35,0.0,0.0,open
2025-12-23T06:24:38.343676,KXGDP-26JAN30-T1.75,yes,0.62,0.62,0.0,0.0,open
2025-12-23T06:24:38.343676,_PORTFOLIO_TOTAL,,711.16,738.3199999999999,27.16,3.82,summary
2025-12-23T07:24:42.853449,KXGDP-26JAN30-T2.5,yes,0.29,0.33,27.16,13.79,open
2025-12-23T07:24:42.853449,KXCPICOMBO-25DEC-027,yes,0.35,0.35,0.0,0.0,open
2025-12-23T07:24:42.853449,KXGDP-26JAN30-T1.75,yes,0.62,0.63,4.45,1.61,open
2025-12-23T07:24:42.853449,_PORTFOLIO_TOTAL,,711.16,742.77,31.61,4.44,summary
2025-12-23T07:32:41.703002,KXGDP-26JAN30-T2.5,yes,0.29,0.33,27.16,13.79,open
2025-12-23T07:32:41.703002,KXCPICOMBO-25DEC-027,yes,0.35,0.35,0.0,0.0,open
2025-12-23T07:32:41.703002,KXGDP-26JAN30-T1.75,yes,0.62,0.63,4.45,1.61,open
2025-12-23T07:32:41.703002,KXCPI-25DEC-T0.2,yes,0.45,,,,open
2025-12-23T07:32:41.703002,_PORTFOLIO_TOTAL,,947.41,,,,summary
2025-12-23T08:32:46.270402,KXGDP-26JAN30-T2.5,yes,0.29,0.33,27.16,13.79,open
2025-12-23T08:32:46.270402,KXCPICOMBO-25DEC-027,yes,0.35,0.35,0.0,0.0,open
2025-12-23T08:32:46.270402,KXGDP-26JAN30-T1.75,yes,0.62,0.63,4.45,1.61,open
2025-12-23T08:32:46.270402,KXCPI-25DEC-T0.2,yes,0.45,0.45,0.0,0.0,open
2025-12-23T08:32:46.270402,_PORTFOLIO_TOTAL,,947.41,979.02,31.61,3.34,summary
2025-12-23T08:40:04.992012,KXGDP-26JAN30-T2.5,yes,0.29,0.33,27.16,13.79,open
2025-12-23T08:40:04.992012,KXCPICOMBO-25DEC-027,yes,0.35,0.35,0.0,0.0,open
2025-12-23T08:40:04.992012,KXGDP-26JAN30-T1.75,yes,0.62,0.63,4.45,1.61,open
2025-12-23T08:40:04.992012,KXCPI-25DEC-T0.2,yes,0.45,0.45,0.0,0.0,open
2025-12-23T08:40:04.992012,_PORTFOLIO_TOTAL,,947.41,979.02,31.61,3.34,summary
2025-12-23T09:40:09.219193,KXGDP-26JAN30-T2.5,yes,0.29,0.32,20.37,10.34,open
2025-12-23T09:40:09.219193,KXCPICOMBO-25DEC-027,yes,0.35,0.35,0.0,0.0,open
2025-12-23T09:40:09.219193,KXGDP-26JAN30-T1.75,yes,0.62,0.63,4.45,1.61,open
2025-12-23T09:40:09.219193,KXCPI-25DEC-T0.2,yes,0.45,0.45,0.0,0.0,open
2025-12-23T09:40:09.219193,_PORTFOLIO_TOTAL,,947.41,972.23,24.82,2.62,summary
2025-12-23T09:47:14.915307,KXGDP-26JAN30-T2.5,yes,0.29,0.32,20.37,10.34,open
2025-12-23T09:47:14.915307,KXCPICOMBO-25DEC-027,yes,0.35,0.35,0.0,0.0,open
2025-12-23T09:47:14.915307,KXGDP-26JAN30-T1.75,yes,0.62,0.63,4.45,1.61,open
2025-12-23T09:47:14.915307,KXCPI-25DEC-T0.2,yes,0.45,0.45,0.0,0.0,open
2025-12-23T09:47:14.915307,_PORTFOLIO_TOTAL,,947.41,972.23,24.82,2.62,summary
2025-12-23T10:47:19.382129,KXGDP-26JAN30-T2.5,yes,0.29,0.31,13.58,6.9,open
2025-12-23T10:47:19.382129,KXCPICOMBO-25DEC-027,yes,0.35,0.35,0.0,0.0,open
2025-12-23T10:47:19.382129,KXGDP-26JAN30-T1.75,yes,0.62,0.63,4.45,1.61,open
2025-12-23T10:47:19.382129,KXCPI-25DEC-T0.2,yes,0.45,0.45,0.0,0.0,open
2025-12-23T10:47:19.382129,_PORTFOLIO_TOTAL,,947.41,965.44,18.03,1.9,summary
2025-12-23T10:54:35.833151,KXGDP-26JAN30-T2.5,yes,0.29,0.31,13.58,6.9,open
2025-12-23T10:54:35.833151,KXCPICOMBO-25DEC-027,yes,0.35,0.35,0.0,0.0,open
2025-12-23T10:54:35.833151,KXGDP-26JAN30-T1.75,yes,0.62,0.63,4.45,1.61,open
2025-12-23T10:54:35.833151,KXCPI-25DEC-T0.2,yes,0.45,0.45,0.0,0.0,open
2025-12-23T10:54:35.833151,_PORTFOLIO_TOTAL,,947.41,965.44,18.03,1.9,summary
2025-12-23T11:54:40.325845,KXGDP-26JAN30-T2.5,yes,0.29,0.31,13.58,6.9,open
2025-12-23T11:54:40.325845,KXCPICOMBO-25DEC-027,yes,0.35,0.35,0.0,0.0,open
2025-12-23T11:54:40.325845,KXGDP-26JAN30-T1.75,yes,0.62,0.63,4.45,1.61,open
2025-12-23T11:54:40.325845,KXCPI-25DEC-T0.2,yes,0.45,0.45,0.0,0.0,open
2025-12-23T11:54:40.325845,_PORTFOLIO_TOTAL,,947.41,965.44,18.03,1.9,summary
2025-12-23T12:01:58.857385,KXGDP-26JAN30-T2.5,yes,0.29,0.31,13.58,6.9,open
2025-12-23T12:01:58.857385,KXCPICOMBO-25DEC-027,yes,0.35,0.35,0.0,0.0,open
2025-12-23T12:01:58.857385,KXGDP-26JAN30-T1.75,yes,0.62,0.63,4.45,1.61,open
2025-12-23T12:01:58.857385,KXCPI-25DEC-T0.2,yes,0.45,0.45,0.0,0.0,open
2025-12-23T12:01:58.857385,_PORTFOLIO_TOTAL,,947.41,965.44,18.03,1.9,summary
2025-12-23T13:02:02.777082,KXGDP-26JAN30-T2.5,yes,0.29,0.31,13.58,6.9,open
2025-12-23T13:02:02.777082,KXCPICOMBO-25DEC-027,yes,0.35,0.35,0.0,0.0,open
2025-12-23T13:02:02.777082,KXGDP-26JAN30-T1.75,yes,0.62,0.63,4.45,1.61,open
2025-12-23T13:02:02.777082,KXCPI-25DEC-T0.2,yes,0.45,0.44,-5.25,-2.22,open
2025-12-23T13:02:02.777082,_PORTFOLIO_TOTAL,,947.41,960.19,12.78,1.35,summary
2025-12-23T13:09:35.134078,KXGDP-26JAN30-T2.5,yes,0.29,0.31,13.58,6.9,open
2025-12-23T13:09:35.134078,KXCPICOMBO-25DEC-027,yes,0.35,0.35,0.0,0.0,open
2025-12-23T13:09:35.134078,KXGDP-26JAN30-T1.75,yes,0.62,0.63,4.45,1.61,open
2025-12-23T13:09:35.134078,KXCPI-25DEC-T0.2,yes,0.45,0.44,-5.25,-2.22,open
2025-12-23T13:09:35.134078,_PORTFOLIO_TOTAL,,947.41,960.19,12.78,1.35,summary
2025-12-23T14:09:39.086388,KXGDP-26JAN30-T2.5,yes,0.29,0.32,20.37,10.34,open
2025-12-23T14:09:39.086388,KXCPICOMBO-25DEC-027,yes,0.35,0.35,0.0,0.0,open
2025-12-23T14:09:39.086388,KXGDP-26JAN30-T1.75,yes,0.62,0.63,4.45,1.61,open
2025-12-23T14:09:39.086388,KXCPI-25DEC-T0.2,yes,0.45,0.43,-10.5,-4.44,open
2025-12-23T14:09:39.086388,_PORTFOLIO_TOTAL,,947.41,961.73,14.32,1.51,summary
2025-12-23T14:17:03.756789,KXGDP-26JAN30-T2.5,yes,0.29,0.32,20.37,10.34,open
2025-12-23T14:17:03.756789,KXCPICOMBO-25DEC-027,yes,0.35,0.35,0.0,0.0,open
2025-12-23T14:17:03.756789,KXGDP-26JAN30-T1.75,yes,0.62,0.63,4.45,1.61,open
2025-12-23T14:17:03.756789,KXCPI-25DEC-T0.2,yes,0.45,0.43,-10.5,-4.44,open
2025-12-23T14:17:03.756789,_PORTFOLIO_TOTAL,,947.41,961.73,14.32,1.51,summary
2025-12-23T15:17:08.325784,KXGDP-26JAN30-T2.5,yes,0.29,0.32,20.37,10.34,open
2025-12-23T15:17:08.325784,KXCPICOMBO-25DEC-027,yes,0.35,0.35,0.0,0.0,open
2025-12-23T15:17:08.325784,KXGDP-26JAN30-T1.75,yes,0.62,0.63,4.45,1.61,open
2025-12-23T15:17:08.325784,KXCPI-25DEC-T0.2,yes,0.45,0.44,-5.25,-2.22,open
2025-12-23T15:17:08.325784,_PORTFOLIO_TOTAL,,947.41,966.98,19.57,2.07,summary
2025-12-23T15:35:23.430716,KXGDP-26JAN30-T2.5,yes,0.29,0.32,20.37,10.34,open
2025-12-23T15:35:23.430716,KXCPICOMBO-25DEC-027,yes,0.35,0.35,0.0,0.0,open
2025-12-23T15:35:23.430716,KXGDP-26JAN30-T1.75,yes,0.62,0.63,4.45,1.61,open
2025-12-23T15:35:23.430716,KXCPI-25DEC-T0.2,yes,0.45,0.44,-5.25,-2.22,open
2025-12-23T15:35:23.430716,_PORTFOLIO_TOTAL,,947.41,966.98,19.57,2.07,summary
2025-12-23T16:35:27.888731,KXGDP-26JAN30-T2.5,yes,0.29,0.32,20.37,10.34,open
2025-12-23T16:35:27.888731,KXCPICOMBO-25DEC-027,yes,0.35,0.35,0.0,0.0,open
2025-12-23T16:35:27.888731,KXGDP-26JAN30-T1.75,yes,0.62,0.63,4.45,1.61,open
2025-12-23T16:35:27.888731,KXCPI-25DEC-T0.2,yes,0.45,0.44,-5.25,-2.22,open
2025-12-23T16:35:27.888731,_PORTFOLIO_TOTAL,,947.41,966.98,19.57,2.07,summary
2025-12-23T16:44:46.512491,KXGDP-26JAN30-T2.5,yes,0.29,0.32,20.37,10.34,open
2025-12-23T16:44:46.512491,KXCPICOMBO-25DEC-027,yes,0.35,0.35,0.0,0.0,open
2025-12-23T16:44:46.512491,KXGDP-26JAN30-T1.75,yes,0.62,0.63,4.45,1.61,open
2025-12-23T16:44:46.512491,KXCPI-25DEC-T0.2,yes,0.45,0.44,-5.25,-2.22,open
2025-12-23T16:44:46.512491,_PORTFOLIO_TOTAL,,947.41,966.98,19.57,2.07,summary
2025-12-23T17:44:50.927617,KXGDP-26JAN30-T2.5,yes,0.29,0.39,67.9,34.48,open
2025-12-23T17:44:50.927617,KXCPICOMBO-25DEC-027,yes,0.35,0.35,0.0,0.0,open
2025-12-23T17:44:50.927617,KXGDP-26JAN30-T1.75,yes,0.62,0.68,26.7,9.68,open
2025-12-23T17:44:50.927617,KXCPI-25DEC-T0.2,yes,0.45,0.44,-5.25,-2.22,open
2025-12-23T17:44:50.927617,_PORTFOLIO_TOTAL,,947.41,1036.76,89.35,9.43,summary
2025-12-23T17:53:15.135352,KXCPICOMBO-25DEC-027,yes,0.35,0.35,0.0,0.0,open
2025-12-23T17:53:15.135352,KXCPI-25DEC-T0.2,yes,0.45,0.44,-5.25,-2.22,open
2025-12-23T17:53:15.135352,_PORTFOLIO_TOTAL,,474.6,469.35,-5.25,-1.11,summary
2025-12-23T18:53:18.998151,KXCPICOMBO-25DEC-027,yes,0.35,0.35,0.0,0.0,open
2025-12-23T18:53:18.998151,KXCPI-25DEC-T0.2,yes,0.45,0.44,-5.25,-2.22,open
2025-12-23T18:53:18.998151,_PORTFOLIO_TOTAL,,474.6,469.35,-5.25,-1.11,summary
2025-12-23T19:11:42.606348,KXCPICOMBO-25DEC-027,yes,0.35,0.35,0.0,0.0,open
2025-12-23T19:11:42.606348,KXCPI-25DEC-T0.2,yes,0.45,0.44,-5.25,-2.22,open
2025-12-23T19:11:42.606348,KXGDP-26JAN30-T2.5,yes,0.41,,,,open
2025-12-23T19:11:42.606348,_PORTFOLIO_TOTAL,,732.9000000000001,,,,summary
2025-12-23T20:11:46.482550,KXCPICOMBO-25DEC-027,yes,0.35,0.35,0.0,0.0,open
2025-12-23T20:11:46.482550,KXCPI-25DEC-T0.2,yes,0.45,0.48,15.75,6.67,open
2025-12-23T20:11:46.482550,KXGDP-26JAN30-T2.5,yes,0.41,0.41,0.0,0.0,open
2025-12-23T20:11:46.482550,_PORTFOLIO_TOTAL,,732.9000000000001,748.6500000000001,15.75,2.15,summary
2025-12-23T20:20:30.488647,KXCPICOMBO-25DEC-027,yes,0.35,0.35,0.0,0.0,open
2025-12-23T20:20:30.488647,KXCPI-25DEC-T0.2,yes,0.45,0.48,15.75,6.67,open
2025-12-23T20:20:30.488647,KXGDP-26JAN30-T2.5,yes,0.41,0.41,0.0,0.0,open
2025-12-23T20:20:30.488647,_PORTFOLIO_TOTAL,,732.9000000000001,748.6500000000001,15.75,2.15,summary
2025-12-23T21:20:34.625488,KXCPICOMBO-25DEC-027,yes,0.35,0.35,0.0,0.0,open
2025-12-23T21:20:34.625488,KXCPI-25DEC-T0.2,yes,0.45,0.48,15.75,6.67,open
2025-12-23T21:20:34.625488,KXGDP-26JAN30-T2.5,yes,0.41,0.41,0.0,0.0,open
2025-12-23T21:20:34.625488,_PORTFOLIO_TOTAL,,732.9000000000001,748.6500000000001,15.75,2.15,summary
2025-12-23T21:28:48.119711,KXCPICOMBO-25DEC-027,yes,0.35,0.35,0.0,0.0,open
2025-12-23T21:28:48.119711,KXCPI-25DEC-T0.2,yes,0.45,0.48,15.75,6.67,open
2025-12-23T21:28:48.119711,KXGDP-26JAN30-T2.5,yes,0.41,0.41,0.0,0.0,open
2025-12-23T21:28:48.119711,_PORTFOLIO_TOTAL,,732.9000000000001,748.6500000000001,15.75,2.15,summary
2025-12-23T22:28:51.856470,KXCPICOMBO-25DEC-027,yes,0.35,0.35,0.0,0.0,open
2025-12-23T22:28:51.856470,KXCPI-25DEC-T0.2,yes,0.45,0.46,5.25,2.22,open
2025-12-23T22:28:51.856470,KXGDP-26JAN30-T2.5,yes,0.41,0.41,0.0,0.0,open
2025-12-23T22:28:51.856470,_PORTFOLIO_TOTAL,,732.9000000000001,738.1500000000001,5.25,0.72,summary
2025-12-23T22:43:13.352747,KXCPICOMBO-25DEC-027,yes,0.35,0.35,0.0,0.0,open
2025-12-23T22:43:13.352747,KXCPI-25DEC-T0.2,yes,0.45,0.46,5.25,2.22,open
2025-12-23T22:43:13.352747,KXGDP-26JAN30-T2.5,yes,0.41,0.41,0.0,0.0,open
2025-12-23T22:43:13.352747,_PORTFOLIO_TOTAL,,732.9000000000001,738.1500000000001,5.25,0.72,summary
2025-12-23T23:43:17.675431,KXCPICOMBO-25DEC-027,yes,0.35,0.35,0.0,0.0,open
2025-12-23T23:43:17.675431,KXCPI-25DEC-T0.2,yes,0.45,0.46,5.25,2.22,open
2025-12-23T23:43:17.675431,KXGDP-26JAN30-T2.5,yes,0.41,0.41,0.0,0.0,open
2025-12-23T23:43:17.675431,_PORTFOLIO_TOTAL,,732.9000000000001,738.1500000000001,5.25,0.72,summary
2025-12-23T23:57:45.987268,KXCPICOMBO-25DEC-027,yes,0.35,0.35,0.0,0.0,open
2025-12-23T23:57:45.987268,KXCPI-25DEC-T0.2,yes,0.45,0.46,5.25,2.22,open
2025-12-23T23:57:45.987268,KXGDP-26JAN30-T2.5,yes,0.41,0.41,0.0,0.0,open
2025-12-23T23:57:45.987268,_PORTFOLIO_TOTAL,,732.9000000000001,738.1500000000001,5.25,0.72,summary
2025-12-24T00:57:49.945422,KXCPICOMBO-25DEC-027,yes,0.35,0.35,0.0,0.0,open
2025-12-24T00:57:49.945422,KXCPI-25DEC-T0.2,yes,0.45,0.46,5.25,2.22,open
2025-12-24T00:57:49.945422,KXGDP-26JAN30-T2.5,yes,0.41,0.42,6.3,2.44,open
2025-12-24T00:57:49.945422,_PORTFOLIO_TOTAL,,732.9000000000001,744.45,11.55,1.58,summary
2025-12-24T01:12:13.476565,KXCPICOMBO-25DEC-027,yes,0.35,0.35,0.0,0.0,open
2025-12-24T01:12:13.476565,KXCPI-25DEC-T0.2,yes,0.45,0.46,5.25,2.22,open
2025-12-24T01:12:13.476565,KXGDP-26JAN30-T2.5,yes,0.41,0.42,6.3,2.44,open
2025-12-24T01:12:13.476565,_PORTFOLIO_TOTAL,,732.9000000000001,744.45,11.55,1.58,summary
2025-12-24T02:12:17.720170,KXCPICOMBO-25DEC-027,yes,0.35,0.35,0.0,0.0,open
2025-12-24T02:12:17.720170,KXCPI-25DEC-T0.2,yes,0.45,0.46,5.25,2.22,open
2025-12-24T02:12:17.720170,KXGDP-26JAN30-T2.5,yes,0.41,0.45,25.2,9.76,open
2025-12-24T02:12:17.720170,_PORTFOLIO_TOTAL,,732.9000000000001,763.3500000000001,30.45,4.15,summary
2025-12-24T02:26:46.660590,KXCPICOMBO-25DEC-027,yes,0.35,0.35,0.0,0.0,open
2025-12-24T02:26:46.660590,KXCPI-25DEC-T0.2,yes,0.45,0.46,5.25,2.22,open
2025-12-24T02:26:46.660590,KXGDP-26JAN30-T2.5,yes,0.41,0.45,25.2,9.76,open
2025-12-24T02:26:46.660590,_PORTFOLIO_TOTAL,,732.9000000000001,763.3500000000001,30.45,4.15,summary
2025-12-24T03:26:50.734287,KXCPICOMBO-25DEC-027,yes,0.35,0.35,0.0,0.0,open
2025-12-24T03:26:50.734287,KXCPI-25DEC-T0.2,yes,0.45,0.46,5.25,2.22,open
2025-12-24T03:26:50.734287,KXGDP-26JAN30-T2.5,yes,0.41,0.45,25.2,9.76,open
2025-12-24T03:26:50.734287,_PORTFOLIO_TOTAL,,732.9000000000001,763.3500000000001,30.45,4.15,summary
2025-12-24T03:41:40.140208,KXCPICOMBO-25DEC-027,yes,0.35,0.35,0.0,0.0,open
2025-12-24T03:41:40.140208,KXCPI-25DEC-T0.2,yes,0.45,0.46,5.25,2.22,open
2025-12-24T03:41:40.140208,KXGDP-26JAN30-T2.5,yes,0.41,0.45,25.2,9.76,open
2025-12-24T03:41:40.140208,_PORTFOLIO_TOTAL,,732.9000000000001,763.3500000000001,30.45,4.15,summary
2025-12-24T04:41:44.303918,KXCPICOMBO-25DEC-027,yes,0.35,0.35,0.0,0.0,open
2025-12-24T04:41:44.303918,KXCPI-25DEC-T0.2,yes,0.45,0.46,5.25,2.22,open
2025-12-24T04:41:44.303918,KXGDP-26JAN30-T2.5,yes,0.41,0.45,25.2,9.76,open
2025-12-24T04:41:44.303918,_PORTFOLIO_TOTAL,,732.9000000000001,763.3500000000001,30.45,4.15,summary
2025-12-24T04:50:12.629107,KXCPICOMBO-25DEC-027,yes,0.35,0.35,0.0,0.0,open
2025-12-24T04:50:12.629107,KXCPI-25DEC-T0.2,yes,0.45,0.46,5.25,2.22,open
2025-12-24T04:50:12.629107,KXGDP-26JAN30-T2.5,yes,0.41,0.45,25.2,9.76,open
2025-12-24T04:50:12.629107,_PORTFOLIO_TOTAL,,732.9000000000001,763.3500000000001,30.45,4.15,summary
2025-12-24T05:50:16.996649,KXCPICOMBO-25DEC-027,yes,0.35,0.35,0.0,0.0,open
2025-12-24T05:50:16.996649,KXCPI-25DEC-T0.2,yes,0.45,0.46,5.25,2.22,open
2025-12-24T05:50:16.996649,KXGDP-26JAN30-T2.5,yes,0.41,0.45,25.2,9.76,open
2025-12-24T05:50:16.996649,_PORTFOLIO_TOTAL,,732.9000000000001,763.3500000000001,30.45,4.15,summary
2025-12-24T05:58:23.252463,KXCPICOMBO-25DEC-027,yes,0.35,0.35,0.0,0.0,open
2025-12-24T05:58:23.252463,KXCPI-25DEC-T0.2,yes,0.45,0.46,5.25,2.22,open
2025-12-24T05:58:23.252463,KXGDP-26JAN30-T2.5,yes,0.41,0.45,25.2,9.76,open
2025-12-24T05:58:23.252463,_PORTFOLIO_TOTAL,,732.9000000000001,763.3500000000001,30.45,4.15,summary
2025-12-24T06:58:27.419918,KXCPICOMBO-25DEC-027,yes,0.35,0.3,-34.05,-14.29,open
2025-12-24T06:58:27.419918,KXCPI-25DEC-T0.2,yes,0.45,0.46,5.25,2.22,open
2025-12-24T06:58:27.419918,KXGDP-26JAN30-T2.5,yes,0.41,0.45,25.2,9.76,open
2025-12-24T06:58:27.419918,_PORTFOLIO_TOTAL,,732.9000000000001,729.3000000000002,-3.6,-0.49,summary
2025-12-24T07:05:59.045099,KXCPICOMBO-25DEC-027,yes,0.35,0.3,-34.05,-14.29,open
2025-12-24T07:05:59.045099,KXCPI-25DEC-T0.2,yes,0.45,0.46,5.25,2.22,open
2025-12-24T07:05:59.045099,KXGDP-26JAN30-T2.5,yes,0.41,0.45,25.2,9.76,open
2025-12-24T07:05:59.045099,_PORTFOLIO_TOTAL,,732.9000000000001,729.3000000000001,-3.6,-0.49,summary
2025-12-24T08:06:03.205005,KXCPICOMBO-25DEC-027,yes,0.35,0.3,-34.05,-14.29,open
2025-12-24T08:06:03.205005,KXCPI-25DEC-T0.2,yes,0.45,0.46,5.25,2.22,open
2025-12-24T08:06:03.205005,KXGDP-26JAN30-T2.5,yes,0.41,0.45,25.2,9.76,open
2025-12-24T08:06:03.205005,_PORTFOLIO_TOTAL,,732.9000000000001,729.3000000000002,-3.6,-0.49,summary
2025-12-24T08:13:22.626527,KXCPICOMBO-25DEC-027,yes,0.35,0.3,-34.05,-14.29,open
2025-12-24T08:13:22.626527,KXCPI-25DEC-T0.2,yes,0.45,0.46,5.25,2.22,open
2025-12-24T08:13:22.626527,KXGDP-26JAN30-T2.5,yes,0.41,0.45,25.2,9.76,open
2025-12-24T08:13:22.626527,_PORTFOLIO_TOTAL,,732.9000000000001,729.3000000000001,-3.6,-0.49,summary
2025-12-24T09:13:26.962180,KXCPICOMBO-25DEC-027,yes,0.35,0.3,-34.05,-14.29,open
2025-12-24T09:13:26.962180,KXCPI-25DEC-T0.2,yes,0.45,0.46,5.25,2.22,open
2025-12-24T09:13:26.962180,KXGDP-26JAN30-T2.5,yes,0.41,0.45,25.2,9.76,open
2025-12-24T09:13:26.962180,_PORTFOLIO_TOTAL,,732.9000000000001,729.3000000000002,-3.6,-0.49,summary
2025-12-24T09:20:37.257464,KXCPICOMBO-25DEC-027,yes,0.35,0.3,-34.05,-14.29,open
2025-12-24T09:20:37.257464,KXCPI-25DEC-T0.2,yes,0.45,0.46,5.25,2.22,open
2025-12-24T09:20:37.257464,KXGDP-26JAN30-T2.5,yes,0.41,0.45,25.2,9.76,open
2025-12-24T09:20:37.257464,_PORTFOLIO_TOTAL,,732.9000000000001,729.3000000000001,-3.6,-0.49,summary
2025-12-24T10:20:41.197504,KXCPICOMBO-25DEC-027,yes,0.35,0.3,-34.05,-14.29,open
2025-12-24T10:20:41.197504,KXCPI-25DEC-T0.2,yes,0.45,0.46,5.25,2.22,open
2025-12-24T10:20:41.197504,KXGDP-26JAN30-T2.5,yes,0.41,0.45,25.2,9.76,open
2025-12-24T10:20:41.197504,_PORTFOLIO_TOTAL,,732.9000000000001,729.3000000000002,-3.6,-0.49,summary
2025-12-24T10:29:20.752748,KXCPICOMBO-25DEC-027,yes,0.35,0.3,-34.05,-14.29,open
2025-12-24T10:29:20.752748,KXCPI-25DEC-T0.2,yes,0.45,0.46,5.25,2.22,open
2025-12-24T10:29:20.752748,KXGDP-26JAN30-T2.5,yes,0.41,0.45,25.2,9.76,open
2025-12-24T10:29:20.752748,_PORTFOLIO_TOTAL,,732.9000000000001,729.3000000000001,-3.6,-0.49,summary
2025-12-24T11:29:25.227426,KXCPICOMBO-25DEC-027,yes,0.35,0.3,-34.05,-14.29,open
2025-12-24T11:29:25.227426,KXCPI-25DEC-T0.2,yes,0.45,0.46,5.25,2.22,open
2025-12-24T11:29:25.227426,KXGDP-26JAN30-T2.5,yes,0.41,0.45,25.2,9.76,open
2025-12-24T11:29:25.227426,_PORTFOLIO_TOTAL,,732.9000000000001,729.3000000000002,-3.6,-0.49,summary
2025-12-24T11:36:34.957662,KXCPICOMBO-25DEC-027,yes,0.35,0.3,-34.05,-14.29,open
2025-12-24T11:36:34.957662,KXCPI-25DEC-T0.2,yes,0.45,0.46,5.25,2.22,open
2025-12-24T11:36:34.957662,KXGDP-26JAN30-T2.5,yes,0.41,0.45,25.2,9.76,open
2025-12-24T11:36:34.957662,_PORTFOLIO_TOTAL,,732.9000000000001,729.3000000000001,-3.6,-0.49,summary
2025-12-24T12:36:39.261661,KXCPICOMBO-25DEC-027,yes,0.35,0.3,-34.05,-14.29,open
2025-12-24T12:36:39.261661,KXCPI-25DEC-T0.2,yes,0.45,0.46,5.25,2.22,open
2025-12-24T12:36:39.261661,KXGDP-26JAN30-T2.5,yes,0.41,0.45,25.2,9.76,open
2025-12-24T12:36:39.261661,_PORTFOLIO_TOTAL,,732.9000000000001,729.3000000000002,-3.6,-0.49,summary
2025-12-24T12:53:17.116517,KXCPICOMBO-25DEC-027,yes,0.35,0.3,-34.05,-14.29,open
2025-12-24T12:53:17.116517,KXCPI-25DEC-T0.2,yes,0.45,0.46,5.25,2.22,open
2025-12-24T12:53:17.116517,KXGDP-26JAN30-T2.5,yes,0.41,0.45,25.2,9.76,open
2025-12-24T12:53:17.116517,_PORTFOLIO_TOTAL,,732.9000000000001,729.3000000000001,-3.6,-0.49,summary
2025-12-24T13:53:21.528109,KXCPICOMBO-25DEC-027,yes,0.35,0.33,-13.62,-5.71,open
2025-12-24T13:53:21.528109,KXCPI-25DEC-T0.2,yes,0.45,0.47,10.5,4.44,open
2025-12-24T13:53:21.528109,KXGDP-26JAN30-T2.5,yes,0.41,0.45,25.2,9.76,open
2025-12-24T13:53:21.528109,_PORTFOLIO_TOTAL,,732.9000000000001,754.9800000000001,22.08,3.01,summary
2025-12-24T13:58:41.297741,KXCPICOMBO-25DEC-027,yes,0.35,0.33,-13.62,-5.71,open
2025-12-24T13:58:41.297741,KXCPI-25DEC-T0.2,yes,0.45,0.47,10.5,4.44,open
2025-12-24T13:58:41.297741,KXGDP-26JAN30-T2.5,yes,0.41,0.45,25.2,9.76,open
2025-12-24T13:58:41.297741,_PORTFOLIO_TOTAL,,732.9000000000001,754.9800000000001,22.08,3.01,summary
2025-12-24T14:58:45.353254,KXCPICOMBO-25DEC-027,yes,0.35,0.33,-13.62,-5.71,open
2025-12-24T14:58:45.353254,KXCPI-25DEC-T0.2,yes,0.45,0.48,15.75,6.67,open
2025-12-24T14:58:45.353254,KXGDP-26JAN30-T2.5,yes,0.41,0.46,31.5,12.2,open
2025-12-24T14:58:45.353254,_PORTFOLIO_TOTAL,,732.9000000000001,766.5300000000001,33.63,4.59,summary
2025-12-24T15:13:55.610841,KXCPICOMBO-25DEC-027,yes,0.35,0.33,-13.62,-5.71,open
2025-12-24T15:13:55.610841,KXCPI-25DEC-T0.2,yes,0.45,0.48,15.75,6.67,open
2025-12-24T15:13:55.610841,KXGDP-26JAN30-T2.5,yes,0.41,0.46,31.5,12.2,open
2025-12-24T15:13:55.610841,_PORTFOLIO_TOTAL,,732.9000000000001,766.5300000000001,33.63,4.59,summary
2025-12-24T16:13:59.961371,KXCPICOMBO-25DEC-027,yes,0.35,0.33,-13.62,-5.71,open
2025-12-24T16:13:59.961371,KXCPI-25DEC-T0.2,yes,0.45,0.48,15.75,6.67,open
2025-12-24T16:13:59.961371,KXGDP-26JAN30-T2.5,yes,0.41,0.48,44.1,17.07,open
2025-12-24T16:13:59.961371,_PORTFOLIO_TOTAL,,732.9000000000001,779.1300000000001,46.23,6.31,summary
2025-12-24T16:29:39.401190,KXCPICOMBO-25DEC-027,yes,0.35,0.33,-13.62,-5.71,open
2025-12-24T16:29:39.401190,KXCPI-25DEC-T0.2,yes,0.45,0.48,15.75,6.67,open
2025-12-24T16:29:39.401190,KXGDP-26JAN30-T2.5,yes,0.41,0.48,44.1,17.07,open
2025-12-24T16:29:39.401190,_PORTFOLIO_TOTAL,,732.9000000000001,779.1300000000001,46.23,6.31,summary
2025-12-24T17:29:43.906180,KXCPICOMBO-25DEC-027,yes,0.35,0.33,-13.62,-5.71,open
2025-12-24T17:29:43.906180,KXCPI-25DEC-T0.2,yes,0.45,0.46,5.25,2.22,open
2025-12-24T17:29:43.906180,KXGDP-26JAN30-T2.5,yes,0.41,0.47,37.8,14.63,open
2025-12-24T17:29:43.906180,_PORTFOLIO_TOTAL,,732.9000000000001,762.3300000000002,29.43,4.02,summary
2025-12-24T17:35:58.745838,KXCPICOMBO-25DEC-027,yes,0.35,0.33,-13.62,-5.71,open
2025-12-24T17:35:58.745838,KXCPI-25DEC-T0.2,yes,0.45,0.46,5.25,2.22,open
2025-12-24T17:35:58.745838,KXGDP-26JAN30-T2.5,yes,0.41,0.47,37.8,14.63,open
2025-12-24T17:35:58.745838,_PORTFOLIO_TOTAL,,732.9000000000001,762.33,29.43,4.02,summary
2025-12-24T18:36:03.159603,KXCPICOMBO-25DEC-027,yes,0.35,0.32,-20.43,-8.57,open
2025-12-24T18:36:03.159603,KXCPI-25DEC-T0.2,yes,0.45,0.46,5.25,2.22,open
2025-12-24T18:36:03.159603,KXGDP-26JAN30-T2.5,yes,0.41,0.47,37.8,14.63,open
2025-12-24T18:36:03.159603,_PORTFOLIO_TOTAL,,732.9000000000001,755.5200000000001,22.62,3.09,summary
2025-12-24T18:47:51.233514,KXCPICOMBO-25DEC-027,yes,0.35,0.32,-20.43,-8.57,open
2025-12-24T18:47:51.233514,KXCPI-25DEC-T0.2,yes,0.45,0.46,5.25,2.22,open
2025-12-24T18:47:51.233514,KXGDP-26JAN30-T2.5,yes,0.41,0.47,37.8,14.63,open
2025-12-24T18:47:51.233514,_PORTFOLIO_TOTAL,,732.9000000000001,755.5200000000001,22.62,3.09,summary
2025-12-24T19:47:55.506120,KXCPICOMBO-25DEC-027,yes,0.35,0.32,-20.43,-8.57,open
2025-12-24T19:47:55.506120,KXCPI-25DEC-T0.2,yes,0.45,0.46,5.25,2.22,open
2025-12-24T19:47:55.506120,KXGDP-26JAN30-T2.5,yes,0.41,0.38,-18.9,-7.32,open
2025-12-24T19:47:55.506120,_PORTFOLIO_TOTAL,,732.9000000000001,698.8200000000002,-34.08,-4.65,summary
2025-12-24T19:54:07.221703,KXCPICOMBO-25DEC-027,yes,0.35,0.32,-20.43,-8.57,open
2025-12-24T19:54:07.221703,KXCPI-25DEC-T0.2,yes,0.45,0.46,5.25,2.22,open
2025-12-24T19:54:07.221703,KXGDP-26JAN30-T2.5,yes,0.41,0.38,-18.9,-7.32,open
2025-12-24T19:54:07.221703,_PORTFOLIO_TOTAL,,732.9000000000001,698.82,-34.08,-4.65,summary
2025-12-24T20:54:11.557733,KXCPICOMBO-25DEC-027,yes,0.35,0.32,-20.43,-8.57,open
2025-12-24T20:54:11.557733,KXCPI-25DEC-T0.2,yes,0.45,0.46,5.25,2.22,open
2025-12-24T20:54:11.557733,KXGDP-26JAN30-T2.5,yes,0.41,0.41,0.0,0.0,open
2025-12-24T20:54:11.557733,_PORTFOLIO_TOTAL,,732.9000000000001,717.7200000000001,-15.18,-2.07,summary
2025-12-24T21:06:16.188864,KXCPICOMBO-25DEC-027,yes,0.35,0.32,-20.43,-8.57,open
2025-12-24T21:06:16.188864,KXCPI-25DEC-T0.2,yes,0.45,0.46,5.25,2.22,open
2025-12-24T21:06:16.188864,KXGDP-26JAN30-T2.5,yes,0.41,0.41,0.0,0.0,open
2025-12-24T21:06:16.188864,_PORTFOLIO_TOTAL,,732.9000000000001,717.7200000000001,-15.18,-2.07,summary
2025-12-24T22:06:20.328370,KXCPICOMBO-25DEC-027,yes,0.35,0.32,-20.43,-8.57,open
2025-12-24T22:06:20.328370,KXCPI-25DEC-T0.2,yes,0.45,0.46,5.25,2.22,open
2025-12-24T22:06:20.328370,KXGDP-26JAN30-T2.5,yes,0.41,0.44,18.9,7.32,open
2025-12-24T22:06:20.328370,_PORTFOLIO_TOTAL,,732.9000000000001,736.6200000000001,3.72,0.51,summary
2025-12-24T22:20:33.527145,KXCPICOMBO-25DEC-027,yes,0.35,0.32,-20.43,-8.57,open
2025-12-24T22:20:33.527145,KXCPI-25DEC-T0.2,yes,0.45,0.46,5.25,2.22,open
2025-12-24T22:20:33.527145,KXGDP-26JAN30-T2.5,yes,0.41,0.44,18.9,7.32,open
2025-12-24T22:20:33.527145,_PORTFOLIO_TOTAL,,732.9000000000001,736.6200000000001,3.72,0.51,summary
2025-12-24T23:20:38.032527,KXCPICOMBO-25DEC-027,yes,0.35,0.32,-20.43,-8.57,open
2025-12-24T23:20:38.032527,KXCPI-25DEC-T0.2,yes,0.45,0.46,5.25,2.22,open
2025-12-24T23:20:38.032527,KXGDP-26JAN30-T2.5,yes,0.41,0.44,18.9,7.32,open
2025-12-24T23:20:38.032527,_PORTFOLIO_TOTAL,,732.9000000000001,736.6200000000001,3.72,0.51,summary
2025-12-24T23:27:09.265599,KXCPICOMBO-25DEC-027,yes,0.35,0.32,-20.43,-8.57,open
2025-12-24T23:27:09.265599,KXCPI-25DEC-T0.2,yes,0.45,0.46,5.25,2.22,open
2025-12-24T23:27:09.265599,KXGDP-26JAN30-T2.5,yes,0.41,0.44,18.9,7.32,open
2025-12-24T23:27:09.265599,_PORTFOLIO_TOTAL,,732.9000000000001,736.6200000000001,3.72,0.51,summary
2025-12-25T00:27:13.303096,KXCPICOMBO-25DEC-027,yes,0.35,0.32,-20.43,-8.57,open
2025-12-25T00:27:13.303096,KXCPI-25DEC-T0.2,yes,0.45,0.46,5.25,2.22,open
2025-12-25T00:27:13.303096,KXGDP-26JAN30-T2.5,yes,0.41,0.44,18.9,7.32,open
2025-12-25T00:27:13.303096,_PORTFOLIO_TOTAL,,732.9000000000001,736.6200000000001,3.72,0.51,summary
2025-12-25T00:43:11.331382,KXCPICOMBO-25DEC-027,yes,0.35,0.32,-20.43,-8.57,open
2025-12-25T00:43:11.331382,KXCPI-25DEC-T0.2,yes,0.45,0.46,5.25,2.22,open
2025-12-25T00:43:11.331382,KXGDP-26JAN30-T2.5,yes,0.41,0.44,18.9,7.32,open
2025-12-25T00:43:11.331382,_PORTFOLIO_TOTAL,,732.9000000000001,736.6200000000001,3.72,0.51,summary
2025-12-25T01:43:15.740829,KXCPICOMBO-25DEC-027,yes,0.35,0.32,-20.43,-8.57,open
2025-12-25T01:43:15.740829,KXCPI-25DEC-T0.2,yes,0.45,0.54,47.25,20.0,open
2025-12-25T01:43:15.740829,KXGDP-26JAN30-T2.5,yes,0.41,0.44,18.9,7.32,open
2025-12-25T01:43:15.740829,_PORTFOLIO_TOTAL,,732.9000000000001,778.6200000000001,45.72,6.24,summary
2025-12-25T01:55:17.021327,KXCPICOMBO-25DEC-027,yes,0.35,0.32,-20.43,-8.57,open
2025-12-25T01:55:17.021327,KXGDP-26JAN30-T2.5,yes,0.41,0.44,18.9,7.32,open
2025-12-25T01:55:17.021327,_PORTFOLIO_TOTAL,,496.65,495.12,-1.53,-0.31,summary
2025-12-25T02:55:21.070776,KXCPICOMBO-25DEC-027,yes,0.35,0.32,-20.43,-8.57,open
2025-12-25T02:55:21.070776,KXGDP-26JAN30-T2.5,yes,0.41,0.44,18.9,7.32,open
2025-12-25T02:55:21.070776,_PORTFOLIO_TOTAL,,496.65,495.12,-1.53,-0.31,summary
2025-12-25T03:01:50.006672,KXCPICOMBO-25DEC-027,yes,0.35,0.32,-20.43,-8.57,open
2025-12-25T03:01:50.006672,KXGDP-26JAN30-T2.5,yes,0.41,0.44,18.9,7.32,open
2025-12-25T03:01:50.006672,KXGDP-26JAN30-T3.0,yes,0.21,,,,open
2025-12-25T03:01:50.006672,_PORTFOLIO_TOTAL,,680.1899999999999,,,,summary
2025-12-25T04:01:54.637465,KXCPICOMBO-25DEC-027,yes,0.35,0.32,-20.43,-8.57,open
2025-12-25T04:01:54.637465,KXGDP-26JAN30-T2.5,yes,0.41,0.44,18.9,7.32,open
2025-12-25T04:01:54.637465,KXGDP-26JAN30-T3.0,yes,0.21,0.21,0.0,0.0,open
2025-12-25T04:01:54.637465,_PORTFOLIO_TOTAL,,680.1899999999999,678.66,-1.53,-0.22,summary
2025-12-25T04:08:05.454492,KXCPICOMBO-25DEC-027,yes,0.35,0.32,-20.43,-8.57,open
2025-12-25T04:08:05.454492,KXGDP-26JAN30-T2.5,yes,0.41,0.44,18.9,7.32,open
2025-12-25T04:08:05.454492,KXGDP-26JAN30-T3.0,yes,0.21,0.21,0.0,0.0,open
2025-12-25T04:08:05.454492,_PORTFOLIO_TOTAL,,680.1899999999999,678.66,-1.53,-0.22,summary
2025-12-25T05:08:09.402406,KXCPICOMBO-25DEC-027,yes,0.35,0.32,-20.43,-8.57,open
2025-12-25T05:08:09.402406,KXGDP-26JAN30-T2.5,yes,0.41,0.44,18.9,7.32,open
2025-12-25T05:08:09.402406,KXGDP-26JAN30-T3.0,yes,0.21,0.21,0.0,0.0,open
2025-12-25T05:08:09.402406,_PORTFOLIO_TOTAL,,680.1899999999999,678.66,-1.53,-0.22,summary
2025-12-25T05:14:29.152261,KXCPICOMBO-25DEC-027,yes,0.35,0.32,-20.43,-8.57,open
2025-12-25T05:14:29.152261,KXGDP-26JAN30-T2.5,yes,0.41,0.44,18.9,7.32,open
2025-12-25T05:14:29.152261,KXGDP-26JAN30-T3.0,yes,0.21,0.21,0.0,0.0,open
2025-12-25T05:14:29.152261,_PORTFOLIO_TOTAL,,680.1899999999999,678.66,-1.53,-0.22,summary
